{
    "silhouette_iou": 0.2820123667781105,
    "edge_similarity": 0.054329391568899155,
    "color_palette_similarity": 0.7730427124151055,
    "cyan_region_similarity": 0.0,
    "symmetry_delta": 0.026947982887625233,
    "wing_span_delta": 155.0,
    "body_mass_delta": 0.46074217906753695,
    "usd_prim_count": 1072,
    "material_binding_count": 1020,
    "wing_feather_count": 340,
    "thresholds_met": true
}